model,dataset,configuration,ablation_type,included_groups,removed_group,feature_count,evaluation_cohort,validation_rows,positive_samples,negative_samples,precision,recall,f1,tp,fp,fn,tn,delta_f1_pp
Qwen2.5-VL-7B,EarthVQA,full,full,"[""cos_sim"", ""mean_diff"", ""std_diff"", ""l2_distance""]",,72,fixed_full_non_all_nan,3260,178,3082,0.8770949720670391,0.8820224719101124,0.8795518207282913,157,22,21,3060,0.0
Qwen2.5-VL-7B,EarthVQA,without_cos_sim,leave_one_out,"[""mean_diff"", ""std_diff"", ""l2_distance""]",cos_sim,54,fixed_full_non_all_nan,3260,178,3082,0.867816091954023,0.848314606741573,0.8579545454545454,151,23,27,3059,-2.1597275273745886
Qwen2.5-VL-7B,EarthVQA,without_mean_diff,leave_one_out,"[""cos_sim"", ""std_diff"", ""l2_distance""]",mean_diff,54,fixed_full_non_all_nan,3260,178,3082,0.8971428571428571,0.8820224719101124,0.8895184135977338,157,18,21,3064,0.996659286944246
Qwen2.5-VL-7B,EarthVQA,without_std_diff,leave_one_out,"[""cos_sim"", ""mean_diff"", ""l2_distance""]",std_diff,54,fixed_full_non_all_nan,3260,178,3082,0.8770949720670391,0.8820224719101124,0.8795518207282913,157,22,21,3060,0.0
Qwen2.5-VL-7B,EarthVQA,without_l2_distance,leave_one_out,"[""cos_sim"", ""mean_diff"", ""std_diff""]",l2_distance,54,fixed_full_non_all_nan,3260,178,3082,0.8449197860962567,0.8876404494382022,0.8657534246575342,158,29,20,3053,-1.3798396070757055
Qwen2.5-VL-7B,EarthVQA,only_cos_sim,single_group,"[""cos_sim""]",,18,fixed_full_non_all_nan,3260,178,3082,0.7871287128712872,0.8932584269662921,0.8368421052631579,159,43,19,3039,-4.270971546513335
Qwen2.5-VL-7B,EarthVQA,only_mean_diff,single_group,"[""mean_diff""]",,18,fixed_full_non_all_nan,3260,178,3082,0.9933774834437086,0.8426966292134831,0.9118541033434652,150,1,28,3081,3.230228261517376
Qwen2.5-VL-7B,EarthVQA,only_std_diff,single_group,"[""std_diff""]",,18,fixed_full_non_all_nan,3260,178,3082,0.967948717948718,0.848314606741573,0.9041916167664672,151,5,27,3077,2.4639796038175787
Qwen2.5-VL-7B,EarthVQA,only_l2_distance,single_group,"[""l2_distance""]",,18,fixed_full_non_all_nan,3260,178,3082,0.9440993788819876,0.8539325842696629,0.8967551622418879,152,9,26,3073,1.7203341513596593
Qwen2.5-VL-7B,LingoQA,full,full,"[""cos_sim"", ""mean_diff"", ""std_diff"", ""l2_distance""]",,72,fixed_full_non_all_nan,3318,168,3150,0.9724137931034482,0.8392857142857143,0.9009584664536742,141,4,27,3146,0.0
Qwen2.5-VL-7B,LingoQA,without_cos_sim,leave_one_out,"[""mean_diff"", ""std_diff"", ""l2_distance""]",cos_sim,54,fixed_full_non_all_nan,3318,168,3150,0.9666666666666668,0.8630952380952381,0.9119496855345912,145,5,23,3145,1.0991219080917047
Qwen2.5-VL-7B,LingoQA,without_mean_diff,leave_one_out,"[""cos_sim"", ""std_diff"", ""l2_distance""]",mean_diff,54,fixed_full_non_all_nan,3318,168,3150,0.972972972972973,0.8571428571428571,0.9113924050632912,144,4,24,3146,1.0433938609616944
Qwen2.5-VL-7B,LingoQA,without_std_diff,leave_one_out,"[""cos_sim"", ""mean_diff"", ""l2_distance""]",std_diff,54,fixed_full_non_all_nan,3318,168,3150,0.9722222222222222,0.8333333333333334,0.8974358974358975,140,4,28,3146,-0.35225690177767
Qwen2.5-VL-7B,LingoQA,without_l2_distance,leave_one_out,"[""cos_sim"", ""mean_diff"", ""std_diff""]",l2_distance,54,fixed_full_non_all_nan,3318,168,3150,0.9863013698630136,0.8571428571428571,0.9171974522292994,144,2,24,3148,1.6238985775625214
Qwen2.5-VL-7B,LingoQA,only_cos_sim,single_group,"[""cos_sim""]",,18,fixed_full_non_all_nan,3318,168,3150,0.9407894736842104,0.8511904761904762,0.89375,143,9,25,3141,-0.7208466453674123
Qwen2.5-VL-7B,LingoQA,only_mean_diff,single_group,"[""mean_diff""]",,18,fixed_full_non_all_nan,3318,168,3150,0.9928057553956836,0.8214285714285714,0.8990228013029316,138,1,30,3149,-0.1935665150742616
Qwen2.5-VL-7B,LingoQA,only_std_diff,single_group,"[""std_diff""]",,18,fixed_full_non_all_nan,3318,168,3150,0.986206896551724,0.8511904761904762,0.9137380191693292,143,2,25,3148,1.2779552715654896
Qwen2.5-VL-7B,LingoQA,only_l2_distance,single_group,"[""l2_distance""]",,18,fixed_full_non_all_nan,3318,168,3150,0.9285714285714286,0.8511904761904762,0.8881987577639752,143,11,25,3139,-1.2759708689699
Qwen2.5-VL-7B,VQAv2,full,full,"[""cos_sim"", ""mean_diff"", ""std_diff"", ""l2_distance""]",,72,fixed_full_non_all_nan,2658,204,2454,0.986206896551724,0.7009803921568627,0.8194842406876791,143,2,61,2452,0.0
Qwen2.5-VL-7B,VQAv2,without_cos_sim,leave_one_out,"[""mean_diff"", ""std_diff"", ""l2_distance""]",cos_sim,54,fixed_full_non_all_nan,2658,204,2454,0.993006993006993,0.696078431372549,0.8184438040345822,142,1,62,2453,-0.1040436653096943
Qwen2.5-VL-7B,VQAv2,without_mean_diff,leave_one_out,"[""cos_sim"", ""std_diff"", ""l2_distance""]",mean_diff,54,fixed_full_non_all_nan,2658,204,2454,1.0,0.696078431372549,0.8208092485549133,142,0,62,2454,0.1325007867234218
Qwen2.5-VL-7B,VQAv2,without_std_diff,leave_one_out,"[""cos_sim"", ""mean_diff"", ""l2_distance""]",std_diff,54,fixed_full_non_all_nan,2658,204,2454,1.0,0.7009803921568627,0.8242074927953891,143,0,61,2454,0.4723252107709963
Qwen2.5-VL-7B,VQAv2,without_l2_distance,leave_one_out,"[""cos_sim"", ""mean_diff"", ""std_diff""]",l2_distance,54,fixed_full_non_all_nan,2658,204,2454,0.9929078014184396,0.6862745098039216,0.8115942028985508,140,1,64,2453,-0.7890037789128335
Qwen2.5-VL-7B,VQAv2,only_cos_sim,single_group,"[""cos_sim""]",,18,fixed_full_non_all_nan,2658,204,2454,0.9161290322580644,0.696078431372549,0.7910863509749304,142,13,62,2441,-2.8397889712748703
Qwen2.5-VL-7B,VQAv2,only_mean_diff,single_group,"[""mean_diff""]",,18,fixed_full_non_all_nan,2658,204,2454,0.9210526315789472,0.6862745098039216,0.7865168539325843,140,12,64,2442,-3.2967386755094807
Qwen2.5-VL-7B,VQAv2,only_std_diff,single_group,"[""std_diff""]",,18,fixed_full_non_all_nan,2658,204,2454,0.9791666666666666,0.6911764705882353,0.8103448275862069,141,3,63,2451,-0.913941310147226
Qwen2.5-VL-7B,VQAv2,only_l2_distance,single_group,"[""l2_distance""]",,18,fixed_full_non_all_nan,2658,204,2454,0.9726027397260274,0.696078431372549,0.8114285714285714,142,4,62,2450,-0.8055669259107723
InternVL3-8B,EarthVQA,full,full,"[""cos_sim"", ""mean_diff"", ""std_diff"", ""l2_distance""]",,72,fixed_full_non_all_nan,3293,365,2928,0.991549295774648,0.9643835616438357,0.9777777777777776,352,3,13,2925,0.0
InternVL3-8B,EarthVQA,without_cos_sim,leave_one_out,"[""mean_diff"", ""std_diff"", ""l2_distance""]",cos_sim,54,fixed_full_non_all_nan,3293,365,2928,0.9567567567567568,0.96986301369863,0.963265306122449,354,16,11,2912,-1.4512471655328762
InternVL3-8B,EarthVQA,without_mean_diff,leave_one_out,"[""cos_sim"", ""std_diff"", ""l2_distance""]",mean_diff,54,fixed_full_non_all_nan,3293,365,2928,0.9361702127659576,0.9643835616438357,0.9500674763832658,352,24,13,2904,-2.771030139451192
InternVL3-8B,EarthVQA,without_std_diff,leave_one_out,"[""cos_sim"", ""mean_diff"", ""l2_distance""]",std_diff,54,fixed_full_non_all_nan,3293,365,2928,0.9915730337078652,0.9671232876712328,0.9791955617198336,353,3,12,2925,0.1417783942055828
InternVL3-8B,EarthVQA,without_l2_distance,leave_one_out,"[""cos_sim"", ""mean_diff"", ""std_diff""]",l2_distance,54,fixed_full_non_all_nan,3293,365,2928,0.9971830985915492,0.96986301369863,0.9833333333333332,354,1,11,2927,0.5555555555555536
InternVL3-8B,EarthVQA,only_cos_sim,single_group,"[""cos_sim""]",,18,fixed_full_non_all_nan,3293,365,2928,0.9943661971830986,0.9671232876712328,0.9805555555555556,353,2,12,2926,0.2777777777777768
InternVL3-8B,EarthVQA,only_mean_diff,single_group,"[""mean_diff""]",,18,fixed_full_non_all_nan,3293,365,2928,0.9914772727272728,0.9561643835616438,0.9735006973500696,349,3,16,2925,-0.4277080427708024
InternVL3-8B,EarthVQA,only_std_diff,single_group,"[""std_diff""]",,18,fixed_full_non_all_nan,3293,365,2928,0.9859943977591036,0.9643835616438357,0.9750692520775625,352,5,13,2923,-0.2708525700215403
InternVL3-8B,EarthVQA,only_l2_distance,single_group,"[""l2_distance""]",,18,fixed_full_non_all_nan,3293,365,2928,0.9514824797843666,0.9671232876712328,0.9592391304347826,353,18,12,2910,-1.8538647342995151
InternVL3-8B,LingoQA,full,full,"[""cos_sim"", ""mean_diff"", ""std_diff"", ""l2_distance""]",,72,fixed_full_non_all_nan,3547,407,3140,0.989769820971867,0.9508599508599508,0.9699248120300752,387,4,20,3136,0.0
InternVL3-8B,LingoQA,without_cos_sim,leave_one_out,"[""mean_diff"", ""std_diff"", ""l2_distance""]",cos_sim,54,fixed_full_non_all_nan,3547,407,3140,0.9948320413436692,0.945945945945946,0.9697732997481108,385,2,22,3138,-0.0151512281964305
InternVL3-8B,LingoQA,without_mean_diff,leave_one_out,"[""cos_sim"", ""std_diff"", ""l2_distance""]",mean_diff,54,fixed_full_non_all_nan,3547,407,3140,0.9948586118251928,0.9508599508599508,0.9723618090452262,387,2,20,3138,0.2436997015150988
InternVL3-8B,LingoQA,without_std_diff,leave_one_out,"[""cos_sim"", ""mean_diff"", ""l2_distance""]",std_diff,54,fixed_full_non_all_nan,3547,407,3140,0.9948186528497408,0.9434889434889436,0.9684741488020177,384,2,23,3138,-0.1450663228057536
InternVL3-8B,LingoQA,without_l2_distance,leave_one_out,"[""cos_sim"", ""mean_diff"", ""std_diff""]",l2_distance,54,fixed_full_non_all_nan,3547,407,3140,0.9871794871794872,0.945945945945946,0.9661229611041404,385,5,22,3135,-0.3801850925934658
InternVL3-8B,LingoQA,only_cos_sim,single_group,"[""cos_sim""]",,18,fixed_full_non_all_nan,3547,407,3140,0.9948320413436692,0.945945945945946,0.9697732997481108,385,2,22,3138,-0.0151512281964305
InternVL3-8B,LingoQA,only_mean_diff,single_group,"[""mean_diff""]",,18,fixed_full_non_all_nan,3547,407,3140,0.9921259842519684,0.9287469287469288,0.9593908629441624,378,3,29,3137,-1.0533949085912764
InternVL3-8B,LingoQA,only_std_diff,single_group,"[""std_diff""]",,18,fixed_full_non_all_nan,3547,407,3140,0.9921052631578948,0.9262899262899262,0.9580686149936468,377,3,30,3137,-1.1856197036428484
InternVL3-8B,LingoQA,only_l2_distance,single_group,"[""l2_distance""]",,18,fixed_full_non_all_nan,3547,407,3140,0.9973753280839897,0.9336609336609336,0.964467005076142,380,1,27,3139,-0.5457806953933053
InternVL3-8B,VQAv2,full,full,"[""cos_sim"", ""mean_diff"", ""std_diff"", ""l2_distance""]",,72,fixed_full_non_all_nan,2957,388,2569,0.9861111111111112,0.9149484536082474,0.9491978609625668,355,5,33,2564,0.0
InternVL3-8B,VQAv2,without_cos_sim,leave_one_out,"[""mean_diff"", ""std_diff"", ""l2_distance""]",cos_sim,54,fixed_full_non_all_nan,2957,388,2569,0.99438202247191,0.9123711340206184,0.9516129032258064,354,2,34,2567,0.241504226323963
InternVL3-8B,VQAv2,without_mean_diff,leave_one_out,"[""cos_sim"", ""std_diff"", ""l2_distance""]",mean_diff,54,fixed_full_non_all_nan,2957,388,2569,0.9861111111111112,0.9149484536082474,0.9491978609625668,355,5,33,2564,0.0
InternVL3-8B,VQAv2,without_std_diff,leave_one_out,"[""cos_sim"", ""mean_diff"", ""l2_distance""]",std_diff,54,fixed_full_non_all_nan,2957,388,2569,0.9888579387186628,0.9149484536082474,0.9504685408299868,355,4,33,2565,0.1270679867419799
InternVL3-8B,VQAv2,without_l2_distance,leave_one_out,"[""cos_sim"", ""mean_diff"", ""std_diff""]",l2_distance,54,fixed_full_non_all_nan,2957,388,2569,0.977961432506887,0.9149484536082474,0.9454061251664448,355,8,33,2561,-0.3791735796122131
InternVL3-8B,VQAv2,only_cos_sim,single_group,"[""cos_sim""]",,18,fixed_full_non_all_nan,2957,388,2569,0.9833795013850416,0.9149484536082474,0.9479305740987984,355,6,33,2563,-0.1267286863768424
InternVL3-8B,VQAv2,only_mean_diff,single_group,"[""mean_diff""]",,18,fixed_full_non_all_nan,2957,388,2569,0.9613259668508288,0.8969072164948454,0.928,348,14,40,2555,-2.1197860962566817
InternVL3-8B,VQAv2,only_std_diff,single_group,"[""std_diff""]",,18,fixed_full_non_all_nan,2957,388,2569,0.9860335195530726,0.9097938144329896,0.9463806970509384,353,5,35,2564,-0.2817163911628562
InternVL3-8B,VQAv2,only_l2_distance,single_group,"[""l2_distance""]",,18,fixed_full_non_all_nan,2957,388,2569,0.9887640449438202,0.9072164948453608,0.946236559139785,352,4,36,2565,-0.296130182278187
LLaVA-1.5-7B,EarthVQA,full,full,"[""cos_sim"", ""mean_diff"", ""std_diff"", ""l2_distance""]",,72,fixed_full_non_all_nan,1614,65,1549,0.9148936170212766,0.6615384615384615,0.7678571428571429,43,4,22,1545,0.0
LLaVA-1.5-7B,EarthVQA,without_cos_sim,leave_one_out,"[""mean_diff"", ""std_diff"", ""l2_distance""]",cos_sim,54,fixed_full_non_all_nan,1614,65,1549,0.8958333333333334,0.6615384615384615,0.7610619469026548,43,5,22,1544,-0.6795195954488076
LLaVA-1.5-7B,EarthVQA,without_mean_diff,leave_one_out,"[""cos_sim"", ""std_diff"", ""l2_distance""]",mean_diff,54,fixed_full_non_all_nan,1614,65,1549,0.8775510204081632,0.6615384615384615,0.7543859649122807,43,6,22,1543,-1.347117794486219
LLaVA-1.5-7B,EarthVQA,without_std_diff,leave_one_out,"[""cos_sim"", ""mean_diff"", ""l2_distance""]",std_diff,54,fixed_full_non_all_nan,1614,65,1549,0.8958333333333334,0.6615384615384615,0.7610619469026548,43,5,22,1544,-0.6795195954488076
LLaVA-1.5-7B,EarthVQA,without_l2_distance,leave_one_out,"[""cos_sim"", ""mean_diff"", ""std_diff""]",l2_distance,54,fixed_full_non_all_nan,1614,65,1549,0.8958333333333334,0.6615384615384615,0.7610619469026548,43,5,22,1544,-0.6795195954488076
LLaVA-1.5-7B,EarthVQA,only_cos_sim,single_group,"[""cos_sim""]",,18,fixed_full_non_all_nan,1614,65,1549,0.86,0.6615384615384615,0.7478260869565218,43,7,22,1542,-2.0031055900621157
LLaVA-1.5-7B,EarthVQA,only_mean_diff,single_group,"[""mean_diff""]",,18,fixed_full_non_all_nan,1614,65,1549,0.9333333333333332,0.6461538461538462,0.7636363636363637,42,3,23,1546,-0.4220779220779236
LLaVA-1.5-7B,EarthVQA,only_std_diff,single_group,"[""std_diff""]",,18,fixed_full_non_all_nan,1614,65,1549,0.86,0.6615384615384615,0.7478260869565218,43,7,22,1542,-2.0031055900621157
LLaVA-1.5-7B,EarthVQA,only_l2_distance,single_group,"[""l2_distance""]",,18,fixed_full_non_all_nan,1614,65,1549,0.8958333333333334,0.6615384615384615,0.7610619469026548,43,5,22,1544,-0.6795195954488076
LLaVA-1.5-7B,LingoQA,full,full,"[""cos_sim"", ""mean_diff"", ""std_diff"", ""l2_distance""]",,72,fixed_full_non_all_nan,1621,61,1560,0.9574468085106383,0.7377049180327869,0.8333333333333334,45,2,16,1558,0.0
LLaVA-1.5-7B,LingoQA,without_cos_sim,leave_one_out,"[""mean_diff"", ""std_diff"", ""l2_distance""]",cos_sim,54,fixed_full_non_all_nan,1621,61,1560,0.9183673469387756,0.7377049180327869,0.8181818181818182,45,4,16,1556,-1.5151515151515138
LLaVA-1.5-7B,LingoQA,without_mean_diff,leave_one_out,"[""cos_sim"", ""std_diff"", ""l2_distance""]",mean_diff,54,fixed_full_non_all_nan,1621,61,1560,0.9565217391304348,0.7213114754098361,0.822429906542056,44,2,17,1558,-1.0903426791277315
LLaVA-1.5-7B,LingoQA,without_std_diff,leave_one_out,"[""cos_sim"", ""mean_diff"", ""l2_distance""]",std_diff,54,fixed_full_non_all_nan,1621,61,1560,0.9574468085106383,0.7377049180327869,0.8333333333333334,45,2,16,1558,0.0
LLaVA-1.5-7B,LingoQA,without_l2_distance,leave_one_out,"[""cos_sim"", ""mean_diff"", ""std_diff""]",l2_distance,54,fixed_full_non_all_nan,1621,61,1560,0.9565217391304348,0.7213114754098361,0.822429906542056,44,2,17,1558,-1.0903426791277315
LLaVA-1.5-7B,LingoQA,only_cos_sim,single_group,"[""cos_sim""]",,18,fixed_full_non_all_nan,1621,61,1560,0.8653846153846154,0.7377049180327869,0.7964601769911505,45,7,16,1553,-3.687315634218291
LLaVA-1.5-7B,LingoQA,only_mean_diff,single_group,"[""mean_diff""]",,18,fixed_full_non_all_nan,1621,61,1560,0.9534883720930232,0.6721311475409836,0.7884615384615384,41,2,20,1558,-4.487179487179493
LLaVA-1.5-7B,LingoQA,only_std_diff,single_group,"[""std_diff""]",,18,fixed_full_non_all_nan,1621,61,1560,0.86,0.7049180327868853,0.7747747747747747,43,7,18,1553,-5.855855855855863
LLaVA-1.5-7B,LingoQA,only_l2_distance,single_group,"[""l2_distance""]",,18,fixed_full_non_all_nan,1621,61,1560,0.9583333333333334,0.7540983606557377,0.8440366972477065,46,2,15,1558,1.07033639143731
LLaVA-1.5-7B,VQAv2,full,full,"[""cos_sim"", ""mean_diff"", ""std_diff"", ""l2_distance""]",,72,fixed_full_non_all_nan,1541,43,1498,0.9393939393939394,0.7209302325581395,0.8157894736842105,31,2,12,1496,0.0
LLaVA-1.5-7B,VQAv2,without_cos_sim,leave_one_out,"[""mean_diff"", ""std_diff"", ""l2_distance""]",cos_sim,54,fixed_full_non_all_nan,1541,43,1498,0.8823529411764706,0.6976744186046512,0.7792207792207793,30,4,13,1494,-3.656869446343125
LLaVA-1.5-7B,VQAv2,without_mean_diff,leave_one_out,"[""cos_sim"", ""std_diff"", ""l2_distance""]",mean_diff,54,fixed_full_non_all_nan,1541,43,1498,0.8611111111111112,0.7209302325581395,0.7848101265822784,31,5,12,1493,-3.0979347101932064
LLaVA-1.5-7B,VQAv2,without_std_diff,leave_one_out,"[""cos_sim"", ""mean_diff"", ""l2_distance""]",std_diff,54,fixed_full_non_all_nan,1541,43,1498,0.8857142857142857,0.7209302325581395,0.7948717948717948,31,4,12,1494,-2.0917678812415685
LLaVA-1.5-7B,VQAv2,without_l2_distance,leave_one_out,"[""cos_sim"", ""mean_diff"", ""std_diff""]",l2_distance,54,fixed_full_non_all_nan,1541,43,1498,0.9393939393939394,0.7209302325581395,0.8157894736842105,31,2,12,1496,0.0
LLaVA-1.5-7B,VQAv2,only_cos_sim,single_group,"[""cos_sim""]",,18,fixed_full_non_all_nan,1541,43,1498,0.8857142857142857,0.7209302325581395,0.7948717948717948,31,4,12,1494,-2.0917678812415685
LLaVA-1.5-7B,VQAv2,only_mean_diff,single_group,"[""mean_diff""]",,18,fixed_full_non_all_nan,1541,43,1498,0.8529411764705882,0.6744186046511628,0.7532467532467533,29,5,14,1493,-6.254272043745724
LLaVA-1.5-7B,VQAv2,only_std_diff,single_group,"[""std_diff""]",,18,fixed_full_non_all_nan,1541,43,1498,0.9375,0.6976744186046512,0.8,30,2,13,1496,-1.5789473684210464
LLaVA-1.5-7B,VQAv2,only_l2_distance,single_group,"[""l2_distance""]",,18,fixed_full_non_all_nan,1541,43,1498,0.8285714285714286,0.6744186046511628,0.7435897435897436,29,6,14,1492,-7.21997300944669
