model,dataset,src_layer,tgt_layer,sdc_group,mean_cos_sim,sample_count,finite_step_count
Qwen2.5-VL-7B,EarthVQA,0,1,non_sdc,0.8115209923270518,3612,70533
Qwen2.5-VL-7B,EarthVQA,0,1,non_significant_sdc,0.8092783569542068,11980,248411
Qwen2.5-VL-7B,EarthVQA,0,1,significant_sdc,0.3761717089825987,1277,56906
Qwen2.5-VL-7B,EarthVQA,1,2,non_sdc,0.8050195473749977,3612,70533
Qwen2.5-VL-7B,EarthVQA,1,2,non_significant_sdc,0.7936606141819842,11980,248411
Qwen2.5-VL-7B,EarthVQA,1,2,significant_sdc,0.05698727321252032,1263,56166
Qwen2.5-VL-7B,EarthVQA,2,3,non_sdc,0.7386583408907833,3612,70533
Qwen2.5-VL-7B,EarthVQA,2,3,non_significant_sdc,0.7258241266989933,11980,248411
Qwen2.5-VL-7B,EarthVQA,2,3,significant_sdc,0.1765931034756271,1250,55526
Qwen2.5-VL-7B,EarthVQA,3,4,non_sdc,0.8169942340286046,3612,70533
Qwen2.5-VL-7B,EarthVQA,3,4,non_significant_sdc,0.8090072280836217,11980,248411
Qwen2.5-VL-7B,EarthVQA,3,4,significant_sdc,0.4704177572587939,1225,54357
Qwen2.5-VL-7B,EarthVQA,4,5,non_sdc,0.783435798769042,3612,70533
Qwen2.5-VL-7B,EarthVQA,4,5,non_significant_sdc,0.775907126880067,11980,248411
Qwen2.5-VL-7B,EarthVQA,4,5,significant_sdc,0.31150814421044803,1212,53718
Qwen2.5-VL-7B,EarthVQA,5,6,non_sdc,0.8213800575938122,3612,70533
Qwen2.5-VL-7B,EarthVQA,5,6,non_significant_sdc,0.8145018856452848,11980,248411
Qwen2.5-VL-7B,EarthVQA,5,6,significant_sdc,0.14241901806791843,1191,52678
Qwen2.5-VL-7B,EarthVQA,6,7,non_sdc,0.7117191807623212,3612,70533
Qwen2.5-VL-7B,EarthVQA,6,7,non_significant_sdc,0.6958155475434599,11980,248411
Qwen2.5-VL-7B,EarthVQA,6,7,significant_sdc,0.3037633924766058,1180,52090
Qwen2.5-VL-7B,EarthVQA,7,8,non_sdc,0.7858480069072165,3612,70533
Qwen2.5-VL-7B,EarthVQA,7,8,non_significant_sdc,0.7747838000268773,11980,248411
Qwen2.5-VL-7B,EarthVQA,7,8,significant_sdc,0.12030651597430705,1152,50764
Qwen2.5-VL-7B,EarthVQA,8,9,non_sdc,0.8565416435334162,3612,70533
Qwen2.5-VL-7B,EarthVQA,8,9,non_significant_sdc,0.8526715433817779,11980,248411
Qwen2.5-VL-7B,EarthVQA,8,9,significant_sdc,0.2791933282267295,1126,49416
Qwen2.5-VL-7B,EarthVQA,9,10,non_sdc,0.8364756762011187,3612,70533
Qwen2.5-VL-7B,EarthVQA,9,10,non_significant_sdc,0.8306940091263945,11980,248411
Qwen2.5-VL-7B,EarthVQA,9,10,significant_sdc,0.2334374143364773,1113,48867
Qwen2.5-VL-7B,EarthVQA,10,11,non_sdc,0.8074816683762398,3612,70533
Qwen2.5-VL-7B,EarthVQA,10,11,non_significant_sdc,0.7988170487990537,11980,248411
Qwen2.5-VL-7B,EarthVQA,10,11,significant_sdc,0.2069265507383962,1095,47951
Qwen2.5-VL-7B,EarthVQA,11,12,non_sdc,0.850157937235785,3612,70533
Qwen2.5-VL-7B,EarthVQA,11,12,non_significant_sdc,0.8455140220021724,11980,248411
Qwen2.5-VL-7B,EarthVQA,11,12,significant_sdc,0.21463942244462716,1072,46697
Qwen2.5-VL-7B,EarthVQA,12,13,non_sdc,0.8487826811146468,3612,70533
Qwen2.5-VL-7B,EarthVQA,12,13,non_significant_sdc,0.8462321248963314,11980,248411
Qwen2.5-VL-7B,EarthVQA,12,13,significant_sdc,0.3160573133715701,1034,44981
Qwen2.5-VL-7B,EarthVQA,13,14,non_sdc,0.8523195703983912,3612,70533
Qwen2.5-VL-7B,EarthVQA,13,14,non_significant_sdc,0.8493745025887101,11980,248411
Qwen2.5-VL-7B,EarthVQA,13,14,significant_sdc,0.2349729889049579,1021,44345
Qwen2.5-VL-7B,EarthVQA,14,15,non_sdc,0.8476445302482362,3612,70533
Qwen2.5-VL-7B,EarthVQA,14,15,non_significant_sdc,0.8404539880602422,11980,248411
Qwen2.5-VL-7B,EarthVQA,14,15,significant_sdc,0.3259026016929558,1001,43266
Qwen2.5-VL-7B,EarthVQA,15,16,non_sdc,0.8319951791166859,3612,70533
Qwen2.5-VL-7B,EarthVQA,15,16,non_significant_sdc,0.8288012494870601,11980,248411
Qwen2.5-VL-7B,EarthVQA,15,16,significant_sdc,0.26390874332037334,981,42370
Qwen2.5-VL-7B,EarthVQA,16,17,non_sdc,0.7997450889113937,3612,70533
Qwen2.5-VL-7B,EarthVQA,16,17,non_significant_sdc,0.7937290971380014,11980,248411
Qwen2.5-VL-7B,EarthVQA,16,17,significant_sdc,0.21198029941967445,953,40984
Qwen2.5-VL-7B,EarthVQA,17,18,non_sdc,0.8098457841129454,3612,70533
Qwen2.5-VL-7B,EarthVQA,17,18,non_significant_sdc,0.80256164723653,11980,248411
Qwen2.5-VL-7B,EarthVQA,17,18,significant_sdc,0.4352623177193921,926,39581
Qwen2.5-VL-7B,EarthVQA,18,19,non_sdc,0.8741821763170344,3612,70533
Qwen2.5-VL-7B,EarthVQA,18,19,non_significant_sdc,0.8702603855373717,11980,248411
Qwen2.5-VL-7B,EarthVQA,18,19,significant_sdc,0.6017177613911182,912,39020
Qwen2.5-VL-7B,EarthVQA,19,20,non_sdc,0.8194950431583532,3612,70533
Qwen2.5-VL-7B,EarthVQA,19,20,non_significant_sdc,0.8150789906127618,11980,248411
Qwen2.5-VL-7B,EarthVQA,19,20,significant_sdc,0.45590964921643445,874,37055
Qwen2.5-VL-7B,EarthVQA,20,21,non_sdc,0.8514855985925005,3612,70533
Qwen2.5-VL-7B,EarthVQA,20,21,non_significant_sdc,0.849647671894988,11980,248410
Qwen2.5-VL-7B,EarthVQA,20,21,significant_sdc,0.6598831292758454,846,35700
Qwen2.5-VL-7B,EarthVQA,21,22,non_sdc,0.8303848162083538,3612,70533
Qwen2.5-VL-7B,EarthVQA,21,22,non_significant_sdc,0.8260582284050575,11980,248381
Qwen2.5-VL-7B,EarthVQA,21,22,significant_sdc,0.23875526110126288,821,34530
Qwen2.5-VL-7B,EarthVQA,22,23,non_sdc,0.8816585918065367,3612,70533
Qwen2.5-VL-7B,EarthVQA,22,23,non_significant_sdc,0.8802772608419025,11980,248381
Qwen2.5-VL-7B,EarthVQA,22,23,significant_sdc,0.5971901106418044,796,33275
Qwen2.5-VL-7B,EarthVQA,23,24,non_sdc,0.8614594163256507,3612,70533
Qwen2.5-VL-7B,EarthVQA,23,24,non_significant_sdc,0.8584278824499417,11980,248381
Qwen2.5-VL-7B,EarthVQA,23,24,significant_sdc,0.5043353724852154,766,31823
Qwen2.5-VL-7B,EarthVQA,24,25,non_sdc,0.8907137876943665,3612,70533
Qwen2.5-VL-7B,EarthVQA,24,25,non_significant_sdc,0.8890951994081697,11980,248381
Qwen2.5-VL-7B,EarthVQA,24,25,significant_sdc,0.7382350006459449,741,30459
Qwen2.5-VL-7B,EarthVQA,25,26,non_sdc,0.9380866011768064,3612,70533
Qwen2.5-VL-7B,EarthVQA,25,26,non_significant_sdc,0.9381776978388775,11980,248381
Qwen2.5-VL-7B,EarthVQA,25,26,significant_sdc,0.6685574621749392,709,29074
Qwen2.5-VL-7B,EarthVQA,26,27,non_sdc,0.9842603161110308,3612,70533
Qwen2.5-VL-7B,EarthVQA,26,27,non_significant_sdc,0.9834815011072053,11980,248381
Qwen2.5-VL-7B,EarthVQA,26,27,significant_sdc,0.726558076589989,669,27069
InternVL3-8B,EarthVQA,0,1,non_sdc,0.8092509048312166,3581,82031
InternVL3-8B,EarthVQA,0,1,non_significant_sdc,0.8052545904660099,11052,271984
InternVL3-8B,EarthVQA,0,1,significant_sdc,0.30217474491459306,2925,138715
InternVL3-8B,EarthVQA,1,2,non_sdc,0.7502197702108944,3581,82031
InternVL3-8B,EarthVQA,1,2,non_significant_sdc,0.7392206673103437,11052,271984
InternVL3-8B,EarthVQA,1,2,significant_sdc,0.13034387977951942,2850,135454
InternVL3-8B,EarthVQA,2,3,non_sdc,0.729774104327033,3581,82031
InternVL3-8B,EarthVQA,2,3,non_significant_sdc,0.7200802756841856,11052,271984
InternVL3-8B,EarthVQA,2,3,significant_sdc,0.2488715071882942,2772,131335
InternVL3-8B,EarthVQA,3,4,non_sdc,0.8116355761804327,3581,82031
InternVL3-8B,EarthVQA,3,4,non_significant_sdc,0.8040018233611697,11052,271984
InternVL3-8B,EarthVQA,3,4,significant_sdc,0.452659343823473,2716,128491
InternVL3-8B,EarthVQA,4,5,non_sdc,0.7717809440433784,3581,82031
InternVL3-8B,EarthVQA,4,5,non_significant_sdc,0.7612843903873303,11052,271984
InternVL3-8B,EarthVQA,4,5,significant_sdc,0.19299442627467958,2638,125009
InternVL3-8B,EarthVQA,5,6,non_sdc,0.8015733181420754,3581,82031
InternVL3-8B,EarthVQA,5,6,non_significant_sdc,0.7940961155926315,11052,271984
InternVL3-8B,EarthVQA,5,6,significant_sdc,0.19534398959654367,2579,121882
InternVL3-8B,EarthVQA,6,7,non_sdc,0.6818476596686751,3581,82031
InternVL3-8B,EarthVQA,6,7,non_significant_sdc,0.6661752077609887,11052,271984
InternVL3-8B,EarthVQA,6,7,significant_sdc,0.30167345606172646,2500,117985
InternVL3-8B,EarthVQA,7,8,non_sdc,0.7552359111388406,3581,82031
InternVL3-8B,EarthVQA,7,8,non_significant_sdc,0.7424114236732301,11052,271984
InternVL3-8B,EarthVQA,7,8,significant_sdc,0.07923536232685116,2419,114210
InternVL3-8B,EarthVQA,8,9,non_sdc,0.7887235666936647,3581,82031
InternVL3-8B,EarthVQA,8,9,non_significant_sdc,0.7834956202938981,11052,271973
InternVL3-8B,EarthVQA,8,9,significant_sdc,0.2545101631331039,2342,110637
InternVL3-8B,EarthVQA,9,10,non_sdc,0.8004273148755936,3581,82031
InternVL3-8B,EarthVQA,9,10,non_significant_sdc,0.7946936786402414,11052,271957
InternVL3-8B,EarthVQA,9,10,significant_sdc,0.21153551993691017,2294,107972
InternVL3-8B,EarthVQA,10,11,non_sdc,0.7572314603455305,3581,82031
InternVL3-8B,EarthVQA,10,11,non_significant_sdc,0.7466515284930474,11052,271957
InternVL3-8B,EarthVQA,10,11,significant_sdc,-0.06196125184716451,2202,103495
InternVL3-8B,EarthVQA,11,12,non_sdc,0.7770488913677183,3581,82031
InternVL3-8B,EarthVQA,11,12,non_significant_sdc,0.7679123266548067,11052,271957
InternVL3-8B,EarthVQA,11,12,significant_sdc,0.038733831865062844,2110,99139
InternVL3-8B,EarthVQA,12,13,non_sdc,0.7783524201364443,3581,82031
InternVL3-8B,EarthVQA,12,13,non_significant_sdc,0.7706312891137435,11052,271957
InternVL3-8B,EarthVQA,12,13,significant_sdc,0.15954431091946336,2028,95264
InternVL3-8B,EarthVQA,13,14,non_sdc,0.8028971027270301,3581,82031
InternVL3-8B,EarthVQA,13,14,non_significant_sdc,0.7953294932228961,11052,271957
InternVL3-8B,EarthVQA,13,14,significant_sdc,0.15093988990028345,1974,92469
InternVL3-8B,EarthVQA,14,15,non_sdc,0.7883043865003833,3581,82031
InternVL3-8B,EarthVQA,14,15,non_significant_sdc,0.7798813503366284,11052,271957
InternVL3-8B,EarthVQA,14,15,significant_sdc,0.21944096709010621,1915,89069
InternVL3-8B,EarthVQA,15,16,non_sdc,0.7495427075040736,3581,82031
InternVL3-8B,EarthVQA,15,16,non_significant_sdc,0.7437625066837037,11052,271957
InternVL3-8B,EarthVQA,15,16,significant_sdc,-0.022050749794579858,1809,84089
InternVL3-8B,EarthVQA,16,17,non_sdc,0.7212713521473696,3581,82031
InternVL3-8B,EarthVQA,16,17,non_significant_sdc,0.7100888196845673,11052,271957
InternVL3-8B,EarthVQA,16,17,significant_sdc,0.09214569972614785,1736,80625
InternVL3-8B,EarthVQA,17,18,non_sdc,0.732743035087134,3581,82031
InternVL3-8B,EarthVQA,17,18,non_significant_sdc,0.7218309241489425,11052,271957
InternVL3-8B,EarthVQA,17,18,significant_sdc,0.2816418897846475,1637,75883
InternVL3-8B,EarthVQA,18,19,non_sdc,0.8113971148332354,3581,82031
InternVL3-8B,EarthVQA,18,19,non_significant_sdc,0.8042264623243248,11052,271957
InternVL3-8B,EarthVQA,18,19,significant_sdc,0.19938368638151718,1572,72862
InternVL3-8B,EarthVQA,19,20,non_sdc,0.733166877402235,3581,82031
InternVL3-8B,EarthVQA,19,20,non_significant_sdc,0.7199542537559093,11052,271957
InternVL3-8B,EarthVQA,19,20,significant_sdc,0.057567013879096886,1503,69440
InternVL3-8B,EarthVQA,20,21,non_sdc,0.7473716881488047,3581,82031
InternVL3-8B,EarthVQA,20,21,non_significant_sdc,0.7389389775411549,11052,271957
InternVL3-8B,EarthVQA,20,21,significant_sdc,0.34989705817386185,1436,66086
InternVL3-8B,EarthVQA,21,22,non_sdc,0.7835427387512196,3581,82031
InternVL3-8B,EarthVQA,21,22,non_significant_sdc,0.7770990114815667,11052,271957
InternVL3-8B,EarthVQA,21,22,significant_sdc,0.15008305561761373,1345,61256
InternVL3-8B,EarthVQA,22,23,non_sdc,0.7804489345329814,3581,82031
InternVL3-8B,EarthVQA,22,23,non_significant_sdc,0.7758465258303778,11052,271957
InternVL3-8B,EarthVQA,22,23,significant_sdc,0.362419459694445,1256,57175
InternVL3-8B,EarthVQA,23,24,non_sdc,0.7925055862839685,3581,82031
InternVL3-8B,EarthVQA,23,24,non_significant_sdc,0.7855999886889053,11052,271957
InternVL3-8B,EarthVQA,23,24,significant_sdc,0.4751542605738155,1185,53470
InternVL3-8B,EarthVQA,24,25,non_sdc,0.8119283915925213,3581,82031
InternVL3-8B,EarthVQA,24,25,non_significant_sdc,0.8063295364525522,11052,271957
InternVL3-8B,EarthVQA,24,25,significant_sdc,0.5615691716248606,1085,48574
InternVL3-8B,EarthVQA,25,26,non_sdc,0.8805873477099349,3581,82031
InternVL3-8B,EarthVQA,25,26,non_significant_sdc,0.8786895893648665,11052,271957
InternVL3-8B,EarthVQA,25,26,significant_sdc,0.44736475502882017,987,44176
InternVL3-8B,EarthVQA,26,27,non_sdc,0.9726022848484064,3581,82031
InternVL3-8B,EarthVQA,26,27,non_significant_sdc,0.9709634464842254,11052,271945
InternVL3-8B,EarthVQA,26,27,significant_sdc,0.5888914188340675,911,40585
LLaVA-1.5-7B,EarthVQA,0,1,non_sdc,0.9793024756576356,4843,21058
LLaVA-1.5-7B,EarthVQA,0,1,non_significant_sdc,0.965524496112461,494,4054
LLaVA-1.5-7B,EarthVQA,0,1,significant_sdc,0.3818668784660977,441,17196
LLaVA-1.5-7B,EarthVQA,1,2,non_sdc,0.9788576660698036,4843,21058
LLaVA-1.5-7B,EarthVQA,1,2,non_significant_sdc,0.9480938936639717,494,4054
LLaVA-1.5-7B,EarthVQA,1,2,significant_sdc,0.32509571904950113,433,16804
LLaVA-1.5-7B,EarthVQA,2,3,non_sdc,0.9824228064915902,4843,21058
LLaVA-1.5-7B,EarthVQA,2,3,non_significant_sdc,0.9487177082771706,494,4054
LLaVA-1.5-7B,EarthVQA,2,3,significant_sdc,0.5170116579433428,428,16559
LLaVA-1.5-7B,EarthVQA,3,4,non_sdc,0.9814979912387574,4843,21058
LLaVA-1.5-7B,EarthVQA,3,4,non_significant_sdc,0.950945246259943,494,4054
LLaVA-1.5-7B,EarthVQA,3,4,significant_sdc,0.5285118337461757,420,16167
LLaVA-1.5-7B,EarthVQA,4,5,non_sdc,0.9711292887791104,4843,21058
LLaVA-1.5-7B,EarthVQA,4,5,non_significant_sdc,0.937864785237538,494,4054
LLaVA-1.5-7B,EarthVQA,4,5,significant_sdc,0.45320701159604254,408,15579
LLaVA-1.5-7B,EarthVQA,5,6,non_sdc,0.9743736551361339,4843,21058
LLaVA-1.5-7B,EarthVQA,5,6,non_significant_sdc,0.9431531697463715,494,4054
LLaVA-1.5-7B,EarthVQA,5,6,significant_sdc,0.456919656662373,395,14942
LLaVA-1.5-7B,EarthVQA,6,7,non_sdc,0.9645460401832782,4843,21058
LLaVA-1.5-7B,EarthVQA,6,7,non_significant_sdc,0.9318422361881793,494,4054
LLaVA-1.5-7B,EarthVQA,6,7,significant_sdc,0.4677441463362078,388,14599
LLaVA-1.5-7B,EarthVQA,7,8,non_sdc,0.958199282538595,4843,21058
LLaVA-1.5-7B,EarthVQA,7,8,non_significant_sdc,0.928520005601894,494,4054
LLaVA-1.5-7B,EarthVQA,7,8,significant_sdc,0.3621084842533461,379,14158
LLaVA-1.5-7B,EarthVQA,8,9,non_sdc,0.963787889063282,4843,21058
LLaVA-1.5-7B,EarthVQA,8,9,non_significant_sdc,0.9294863550715274,494,4054
LLaVA-1.5-7B,EarthVQA,8,9,significant_sdc,0.35633485220687455,370,13717
LLaVA-1.5-7B,EarthVQA,9,10,non_sdc,0.965947837551803,4843,21058
LLaVA-1.5-7B,EarthVQA,9,10,non_significant_sdc,0.9345909537558195,494,4054
LLaVA-1.5-7B,EarthVQA,9,10,significant_sdc,0.4038514469001697,359,13178
LLaVA-1.5-7B,EarthVQA,10,11,non_sdc,0.9365789924255381,4843,21058
LLaVA-1.5-7B,EarthVQA,10,11,non_significant_sdc,0.9138952321879674,494,4054
LLaVA-1.5-7B,EarthVQA,10,11,significant_sdc,0.3349030632844392,350,12737
LLaVA-1.5-7B,EarthVQA,11,12,non_sdc,0.9438689076601895,4843,21058
LLaVA-1.5-7B,EarthVQA,11,12,non_significant_sdc,0.9033076952316295,494,4054
LLaVA-1.5-7B,EarthVQA,11,12,significant_sdc,0.17075699312710346,340,12247
LLaVA-1.5-7B,EarthVQA,12,13,non_sdc,0.9560308512786511,4843,21058
LLaVA-1.5-7B,EarthVQA,12,13,non_significant_sdc,0.9133417999490633,494,4054
LLaVA-1.5-7B,EarthVQA,12,13,significant_sdc,0.2306496119880591,333,11904
LLaVA-1.5-7B,EarthVQA,13,14,non_sdc,0.9540645087335756,4843,21058
LLaVA-1.5-7B,EarthVQA,13,14,non_significant_sdc,0.9110827400076642,494,4054
LLaVA-1.5-7B,EarthVQA,13,14,significant_sdc,0.3641112522528986,320,11267
LLaVA-1.5-7B,EarthVQA,14,15,non_sdc,0.9673644560791111,4843,21058
LLaVA-1.5-7B,EarthVQA,14,15,non_significant_sdc,0.9251293367313989,494,4054
LLaVA-1.5-7B,EarthVQA,14,15,significant_sdc,0.5223904245287475,312,10875
LLaVA-1.5-7B,EarthVQA,15,16,non_sdc,0.9662952598833907,4843,21058
LLaVA-1.5-7B,EarthVQA,15,16,non_significant_sdc,0.9299451260570818,494,4054
LLaVA-1.5-7B,EarthVQA,15,16,significant_sdc,0.37562154143638077,303,10434
LLaVA-1.5-7B,EarthVQA,16,17,non_sdc,0.9546959185977685,4843,21058
LLaVA-1.5-7B,EarthVQA,16,17,non_significant_sdc,0.9030019563396671,494,4054
LLaVA-1.5-7B,EarthVQA,16,17,significant_sdc,0.4737932385252353,294,9993
LLaVA-1.5-7B,EarthVQA,17,18,non_sdc,0.9698352080973534,4843,21058
LLaVA-1.5-7B,EarthVQA,17,18,non_significant_sdc,0.9239942826018704,494,4054
LLaVA-1.5-7B,EarthVQA,17,18,significant_sdc,0.5810038542777561,285,9552
LLaVA-1.5-7B,EarthVQA,18,19,non_sdc,0.9587873518510824,4843,21058
LLaVA-1.5-7B,EarthVQA,18,19,non_significant_sdc,0.904433401843326,494,4054
LLaVA-1.5-7B,EarthVQA,18,19,significant_sdc,0.5517638392126575,273,8964
LLaVA-1.5-7B,EarthVQA,19,20,non_sdc,0.9625554917641278,4843,21058
LLaVA-1.5-7B,EarthVQA,19,20,non_significant_sdc,0.921373961584105,494,4054
LLaVA-1.5-7B,EarthVQA,19,20,significant_sdc,0.6567149593690758,266,8621
LLaVA-1.5-7B,EarthVQA,20,21,non_sdc,0.95117510142947,4843,21058
LLaVA-1.5-7B,EarthVQA,20,21,non_significant_sdc,0.8950639967319894,494,4054
LLaVA-1.5-7B,EarthVQA,20,21,significant_sdc,0.4948789082098715,257,8180
LLaVA-1.5-7B,EarthVQA,21,22,non_sdc,0.9601925714661216,4843,21058
LLaVA-1.5-7B,EarthVQA,21,22,non_significant_sdc,0.9040204309444291,494,4054
LLaVA-1.5-7B,EarthVQA,21,22,significant_sdc,0.6309355425899658,244,7543
LLaVA-1.5-7B,EarthVQA,22,23,non_sdc,0.9627615084263423,4843,21058
LLaVA-1.5-7B,EarthVQA,22,23,non_significant_sdc,0.8916029900346011,494,4054
LLaVA-1.5-7B,EarthVQA,22,23,significant_sdc,0.6484234679788552,232,6955
LLaVA-1.5-7B,EarthVQA,23,24,non_sdc,0.9483378334718423,4843,21058
LLaVA-1.5-7B,EarthVQA,23,24,non_significant_sdc,0.9000783543452064,494,4054
LLaVA-1.5-7B,EarthVQA,23,24,significant_sdc,0.7081474649201772,226,6661
LLaVA-1.5-7B,EarthVQA,24,25,non_sdc,0.9484327266577326,4843,21058
LLaVA-1.5-7B,EarthVQA,24,25,non_significant_sdc,0.8609911548347939,494,4054
LLaVA-1.5-7B,EarthVQA,24,25,significant_sdc,0.42966052373921565,212,5975
LLaVA-1.5-7B,EarthVQA,25,26,non_sdc,0.9516825977271822,4843,21058
LLaVA-1.5-7B,EarthVQA,25,26,non_significant_sdc,0.8988273696744948,494,4054
LLaVA-1.5-7B,EarthVQA,25,26,significant_sdc,0.6596589527384932,193,5044
LLaVA-1.5-7B,EarthVQA,26,27,non_sdc,0.9720733462677058,4843,21058
LLaVA-1.5-7B,EarthVQA,26,27,non_significant_sdc,0.9061497085695495,494,4054
LLaVA-1.5-7B,EarthVQA,26,27,significant_sdc,0.7272383215923471,184,4603
LLaVA-1.5-7B,EarthVQA,27,28,non_sdc,0.9636995282939962,4843,21058
LLaVA-1.5-7B,EarthVQA,27,28,non_significant_sdc,0.8940062107952056,494,4054
LLaVA-1.5-7B,EarthVQA,27,28,significant_sdc,0.7078213806109164,168,3819
LLaVA-1.5-7B,EarthVQA,28,29,non_sdc,0.9576867756849535,4843,21058
LLaVA-1.5-7B,EarthVQA,28,29,non_significant_sdc,0.8784090863948592,494,4054
LLaVA-1.5-7B,EarthVQA,28,29,significant_sdc,0.6749535595660483,159,3378
LLaVA-1.5-7B,EarthVQA,29,30,non_sdc,0.9677142549606357,4843,21058
LLaVA-1.5-7B,EarthVQA,29,30,non_significant_sdc,0.8789851425673044,494,4054
LLaVA-1.5-7B,EarthVQA,29,30,significant_sdc,0.6808320672334323,147,2790
LLaVA-1.5-7B,EarthVQA,30,31,non_sdc,0.9777480613618701,4843,21058
LLaVA-1.5-7B,EarthVQA,30,31,non_significant_sdc,0.9198873206948484,494,4054
LLaVA-1.5-7B,EarthVQA,30,31,significant_sdc,0.7681188060298161,111,1026
