model,dataset,k,step_window,evaluation_cohort,validation_rows,mean_steps_used,median_steps_used,p95_steps_used,finished_before_k_share,precision,recall,f1,tp,fp,fn,tn
Qwen2.5-VL-7B,EarthVQA,1,prefix,fixed_k50_non_all_nan,3260,1.0,1.0,1.0,0.0,0.8875739644970414,0.8426966292134831,0.8645533141210374,150,19,28,3063
Qwen2.5-VL-7B,EarthVQA,2,prefix,fixed_k50_non_all_nan,3260,2.0,2.0,2.0,0.0,0.967741935483871,0.8426966292134831,0.9009009009009008,150,5,28,3077
Qwen2.5-VL-7B,EarthVQA,4,prefix,fixed_k50_non_all_nan,3260,4.0,4.0,4.0,0.0,0.9036144578313252,0.8426966292134831,0.872093023255814,150,16,28,3066
Qwen2.5-VL-7B,EarthVQA,8,prefix,fixed_k50_non_all_nan,3260,7.992944785276074,8.0,8.0,0.0021472392638036,0.877906976744186,0.848314606741573,0.8628571428571429,151,21,27,3061
Qwen2.5-VL-7B,EarthVQA,12,prefix,fixed_k50_non_all_nan,3260,11.953374233128834,12.0,12.0,0.0171779141104294,0.867816091954023,0.848314606741573,0.8579545454545454,151,23,27,3059
Qwen2.5-VL-7B,EarthVQA,16,prefix,fixed_k50_non_all_nan,3260,15.59325153374233,16.0,16.0,0.1579754601226994,0.9869281045751634,0.848314606741573,0.9123867069486404,151,2,27,3080
Qwen2.5-VL-7B,EarthVQA,24,prefix,fixed_k50_non_all_nan,3260,20.111042944785275,21.0,24.0,0.6665644171779141,0.987012987012987,0.8539325842696629,0.9156626506024096,152,2,26,3080
Qwen2.5-VL-7B,EarthVQA,32,prefix,fixed_k50_non_all_nan,3260,21.112269938650307,21.0,32.0,0.9460122699386504,0.9333333333333332,0.8651685393258427,0.8979591836734694,154,11,24,3071
Qwen2.5-VL-7B,EarthVQA,50,prefix,fixed_k50_non_all_nan,3260,21.904907975460123,21.0,33.0,1.0,0.8770949720670391,0.8820224719101124,0.8795518207282913,157,22,21,3060
Qwen2.5-VL-7B,LingoQA,1,prefix,fixed_k50_non_all_nan,3318,1.0,1.0,1.0,0.0,0.9727891156462584,0.8511904761904762,0.907936507936508,143,4,25,3146
Qwen2.5-VL-7B,LingoQA,2,prefix,fixed_k50_non_all_nan,3318,2.0,2.0,2.0,0.0,0.9664429530201344,0.8571428571428571,0.9085173501577288,144,5,24,3145
Qwen2.5-VL-7B,LingoQA,4,prefix,fixed_k50_non_all_nan,3318,3.9837251356238697,4.0,4.0,0.0081374321880651,0.9863013698630136,0.8571428571428571,0.9171974522292994,144,2,24,3148
Qwen2.5-VL-7B,LingoQA,8,prefix,fixed_k50_non_all_nan,3318,7.910186859553948,8.0,8.0,0.0334538878842676,0.9473684210526316,0.8571428571428571,0.9,144,8,24,3142
Qwen2.5-VL-7B,LingoQA,12,prefix,fixed_k50_non_all_nan,3318,11.530440024110913,12.0,12.0,0.1515973477998794,0.9657534246575342,0.8392857142857143,0.8980891719745223,141,5,27,3145
Qwen2.5-VL-7B,LingoQA,16,prefix,fixed_k50_non_all_nan,3318,14.270343580470165,16.0,16.0,0.3972272453285111,0.979591836734694,0.8571428571428571,0.9142857142857144,144,3,24,3147
Qwen2.5-VL-7B,LingoQA,24,prefix,fixed_k50_non_all_nan,3318,16.833031946955998,17.0,24.0,0.8441832429174201,0.979591836734694,0.8571428571428571,0.9142857142857144,144,3,24,3147
Qwen2.5-VL-7B,LingoQA,32,prefix,fixed_k50_non_all_nan,3318,17.444544906570222,17.0,31.0,0.9511754068716094,0.9726027397260274,0.8452380952380952,0.9044585987261148,142,4,26,3146
Qwen2.5-VL-7B,LingoQA,50,prefix,fixed_k50_non_all_nan,3318,18.158227848101262,17.0,31.0,1.0,0.9724137931034482,0.8392857142857143,0.9009584664536742,141,4,27,3146
Qwen2.5-VL-7B,VQAv2,1,prefix,fixed_k50_non_all_nan,2658,1.0,1.0,1.0,0.0,0.958904109589041,0.6862745098039216,0.8,140,6,64,2448
Qwen2.5-VL-7B,VQAv2,2,prefix,fixed_k50_non_all_nan,2658,1.9988713318284423,2.0,2.0,0.0011286681715575,1.0,0.6813725490196079,0.8104956268221575,139,0,65,2454
Qwen2.5-VL-7B,VQAv2,4,prefix,fixed_k50_non_all_nan,2658,3.9582392776523694,4.0,4.0,0.027464258841234,0.9858156028368794,0.6813725490196079,0.8057971014492754,139,2,65,2452
Qwen2.5-VL-7B,VQAv2,8,prefix,fixed_k50_non_all_nan,2658,7.763732129420617,8.0,8.0,0.0624529721595184,1.0,0.696078431372549,0.8208092485549133,142,0,62,2454
Qwen2.5-VL-7B,VQAv2,12,prefix,fixed_k50_non_all_nan,2658,11.331828442437924,12.0,12.0,0.1414597441685477,1.0,0.696078431372549,0.8208092485549133,142,0,62,2454
Qwen2.5-VL-7B,VQAv2,16,prefix,fixed_k50_non_all_nan,2658,14.265989465763733,16.0,16.0,0.3626787057938299,0.9662162162162162,0.7009803921568627,0.8125,143,5,61,2449
Qwen2.5-VL-7B,VQAv2,24,prefix,fixed_k50_non_all_nan,2658,16.966139954853272,17.0,24.0,0.8423626787057938,0.993006993006993,0.696078431372549,0.8184438040345822,142,1,62,2453
Qwen2.5-VL-7B,VQAv2,32,prefix,fixed_k50_non_all_nan,2658,17.639202407825433,17.0,32.0,0.9401805869074492,1.0,0.6911764705882353,0.8173913043478261,141,0,63,2454
Qwen2.5-VL-7B,VQAv2,50,prefix,fixed_k50_non_all_nan,2658,18.572234762979683,17.0,49.0,1.0,0.986206896551724,0.7009803921568627,0.8194842406876791,143,2,61,2452
InternVL3-8B,EarthVQA,1,prefix,fixed_k50_non_all_nan,3293,1.0,1.0,1.0,0.0,0.9697802197802198,0.9671232876712328,0.9684499314128944,353,11,12,2917
InternVL3-8B,EarthVQA,2,prefix,fixed_k50_non_all_nan,3293,1.9993926510780444,2.0,2.0,0.0006073489219556,0.9887640449438202,0.9643835616438357,0.9764216366158114,352,4,13,2924
InternVL3-8B,EarthVQA,4,prefix,fixed_k50_non_all_nan,3293,3.998177953234133,4.0,4.0,0.0006073489219556,0.9971671388101984,0.9643835616438357,0.98050139275766,352,1,13,2927
InternVL3-8B,EarthVQA,8,prefix,fixed_k50_non_all_nan,3293,7.994230185241421,8.0,8.0,0.0012146978439113,0.975206611570248,0.96986301369863,0.9725274725274724,354,9,11,2919
InternVL3-8B,EarthVQA,12,prefix,fixed_k50_non_all_nan,3293,11.984208928029153,12.0,12.0,0.0036440935317339,0.9777777777777776,0.9643835616438357,0.9710344827586208,352,8,13,2920
InternVL3-8B,EarthVQA,16,prefix,fixed_k50_non_all_nan,3293,15.88794412389918,16.0,16.0,0.0491952626784087,0.9646739130434784,0.9726027397260274,0.9686221009549796,355,13,10,2915
InternVL3-8B,EarthVQA,24,prefix,fixed_k50_non_all_nan,3293,21.84846644397206,24.0,24.0,0.4542969936228363,0.9915966386554622,0.96986301369863,0.9806094182825484,354,3,11,2925
InternVL3-8B,EarthVQA,32,prefix,fixed_k50_non_all_nan,3293,24.58305496507744,24.0,32.0,0.788642575159429,0.9672131147540984,0.96986301369863,0.9685362517099864,354,12,11,2916
InternVL3-8B,EarthVQA,50,prefix,fixed_k50_non_all_nan,3293,26.673853628909807,24.0,49.0,1.0,0.991549295774648,0.9643835616438357,0.9777777777777776,352,3,13,2925
InternVL3-8B,LingoQA,1,prefix,fixed_k50_non_all_nan,3547,1.0,1.0,1.0,0.0,0.973753280839895,0.9115479115479116,0.9416243654822336,371,10,36,3130
InternVL3-8B,LingoQA,2,prefix,fixed_k50_non_all_nan,3547,1.999718071609811,2.0,2.0,0.0002819283901888,0.9836956521739132,0.8894348894348895,0.9341935483870968,362,6,45,3134
InternVL3-8B,LingoQA,4,prefix,fixed_k50_non_all_nan,3547,3.999154214829433,4.0,4.0,0.0002819283901888,0.953125,0.8992628992628993,0.9254108723135273,366,18,41,3122
InternVL3-8B,LingoQA,8,prefix,fixed_k50_non_all_nan,3547,7.992669861855089,8.0,8.0,0.0031012122920778,0.9794344473007712,0.936117936117936,0.957286432160804,381,8,26,3132
InternVL3-8B,LingoQA,12,prefix,fixed_k50_non_all_nan,3547,11.90555398928672,12.0,12.0,0.0329856216521003,0.9770992366412212,0.9434889434889436,0.96,384,9,23,3131
InternVL3-8B,LingoQA,16,prefix,fixed_k50_non_all_nan,3547,15.571186918522695,16.0,16.0,0.1141809980265012,0.9948453608247424,0.9484029484029484,0.9710691823899372,386,2,21,3138
InternVL3-8B,LingoQA,24,prefix,fixed_k50_non_all_nan,3547,20.981956583027912,23.0,24.0,0.5162108824358613,0.9847328244274808,0.9508599508599508,0.9675,387,6,20,3134
InternVL3-8B,LingoQA,32,prefix,fixed_k50_non_all_nan,3547,23.25655483507189,23.0,32.0,0.838173104031576,0.9948586118251928,0.9508599508599508,0.9723618090452262,387,2,20,3138
InternVL3-8B,LingoQA,50,prefix,fixed_k50_non_all_nan,3547,25.12574006202425,23.0,49.0,1.0,0.989769820971867,0.9508599508599508,0.9699248120300752,387,4,20,3136
InternVL3-8B,VQAv2,1,prefix,fixed_k50_non_all_nan,2957,1.0,1.0,1.0,0.0,0.9722991689750692,0.904639175257732,0.9372496662216288,351,10,37,2559
InternVL3-8B,VQAv2,2,prefix,fixed_k50_non_all_nan,2957,1.9993236388231317,2.0,2.0,0.0006763611768684,0.9803921568627452,0.9020618556701032,0.9395973154362416,350,7,38,2562
InternVL3-8B,VQAv2,4,prefix,fixed_k50_non_all_nan,2957,3.9966181941156576,4.0,4.0,0.0013527223537368,0.9915730337078652,0.9097938144329896,0.9489247311827956,353,3,35,2566
InternVL3-8B,VQAv2,8,prefix,fixed_k50_non_all_nan,2957,7.966181941156577,8.0,8.0,0.0155563070679742,0.988795518207283,0.9097938144329896,0.9476510067114094,353,4,35,2565
InternVL3-8B,VQAv2,12,prefix,fixed_k50_non_all_nan,2957,11.819073385187693,12.0,12.0,0.0537707135610415,0.9833333333333332,0.9123711340206184,0.946524064171123,354,6,34,2563
InternVL3-8B,VQAv2,16,prefix,fixed_k50_non_all_nan,2957,15.43794386202232,16.0,16.0,0.1288468041934393,0.9833333333333332,0.9123711340206184,0.946524064171123,354,6,34,2563
InternVL3-8B,VQAv2,24,prefix,fixed_k50_non_all_nan,2957,21.04159621237741,24.0,24.0,0.4798782549881636,0.9833795013850416,0.9149484536082474,0.9479305740987984,355,6,33,2563
InternVL3-8B,VQAv2,32,prefix,fixed_k50_non_all_nan,2957,23.61176868447751,24.0,32.0,0.7943862022319919,0.9861111111111112,0.9149484536082474,0.9491978609625668,355,5,33,2564
InternVL3-8B,VQAv2,50,prefix,fixed_k50_non_all_nan,2957,25.87047683462969,24.0,49.0,1.0,0.9861111111111112,0.9149484536082474,0.9491978609625668,355,5,33,2564
LLaVA-1.5-7B,EarthVQA,1,prefix,fixed_k50_non_all_nan,1614,1.0,1.0,1.0,0.0,0.8936170212765957,0.6461538461538462,0.75,42,5,23,1544
LLaVA-1.5-7B,EarthVQA,2,prefix,fixed_k50_non_all_nan,1614,1.7843866171003715,2.0,2.0,0.2156133828996282,0.9545454545454546,0.6461538461538462,0.7706422018348624,42,2,23,1547
LLaVA-1.5-7B,EarthVQA,4,prefix,fixed_k50_non_all_nan,1614,2.8370508054522925,4.0,4.0,0.4969021065675341,0.8431372549019608,0.6615384615384615,0.7413793103448276,43,8,22,1541
LLaVA-1.5-7B,EarthVQA,8,prefix,fixed_k50_non_all_nan,1614,4.184634448574969,4.0,8.0,0.7664188351920694,0.9166666666666666,0.676923076923077,0.7787610619469026,44,4,21,1545
LLaVA-1.5-7B,EarthVQA,12,prefix,fixed_k50_non_all_nan,1614,4.684014869888476,4.0,12.0,0.9219330855018588,0.9148936170212766,0.6615384615384615,0.7678571428571428,43,4,22,1545
LLaVA-1.5-7B,EarthVQA,16,prefix,fixed_k50_non_all_nan,1614,4.850681536555142,4.0,13.0,0.969640644361834,0.8958333333333334,0.6615384615384615,0.7610619469026548,43,5,22,1544
LLaVA-1.5-7B,EarthVQA,24,prefix,fixed_k50_non_all_nan,1614,5.066914498141264,4.0,13.0,0.9739776951672864,0.8958333333333334,0.6615384615384615,0.7610619469026548,43,5,22,1544
LLaVA-1.5-7B,EarthVQA,32,prefix,fixed_k50_non_all_nan,1614,5.275092936802974,4.0,13.0,0.9739776951672864,0.8775510204081632,0.6615384615384615,0.7543859649122807,43,6,22,1543
LLaVA-1.5-7B,EarthVQA,50,prefix,fixed_k50_non_all_nan,1614,5.717472118959108,4.0,13.0,1.0,0.9148936170212766,0.6615384615384615,0.7678571428571428,43,4,22,1545
LLaVA-1.5-7B,LingoQA,1,prefix,fixed_k50_non_all_nan,1621,1.0,1.0,1.0,0.0,0.8958333333333334,0.7049180327868853,0.7889908256880733,43,5,18,1555
LLaVA-1.5-7B,LingoQA,2,prefix,fixed_k50_non_all_nan,1621,1.6946329426280071,2.0,2.0,0.3053670573719926,0.9761904761904762,0.6721311475409836,0.7961165048543689,41,1,20,1559
LLaVA-1.5-7B,LingoQA,4,prefix,fixed_k50_non_all_nan,1621,2.775447254780999,4.0,4.0,0.4787168414558914,0.8846153846153846,0.7540983606557377,0.8141592920353982,46,6,15,1554
LLaVA-1.5-7B,LingoQA,8,prefix,fixed_k50_non_all_nan,1621,4.694016039481801,5.0,8.0,0.5434916718075262,0.9565217391304348,0.7213114754098361,0.822429906542056,44,2,17,1558
LLaVA-1.5-7B,LingoQA,12,prefix,fixed_k50_non_all_nan,1621,6.100555212831585,5.0,12.0,0.7230104873534855,0.9166666666666666,0.7213114754098361,0.8073394495412843,44,4,17,1556
LLaVA-1.5-7B,LingoQA,16,prefix,fixed_k50_non_all_nan,1621,6.891425046267736,5.0,16.0,0.8476249228871067,0.9375,0.7377049180327869,0.8256880733944955,45,3,16,1557
LLaVA-1.5-7B,LingoQA,24,prefix,fixed_k50_non_all_nan,1621,7.673041332510796,5.0,24.0,0.9352251696483652,0.9574468085106383,0.7377049180327869,0.8333333333333334,45,2,16,1558
LLaVA-1.5-7B,LingoQA,32,prefix,fixed_k50_non_all_nan,1621,8.077112893275755,5.0,29.0,0.958667489204195,0.9565217391304348,0.7213114754098361,0.822429906542056,44,2,17,1558
LLaVA-1.5-7B,LingoQA,50,prefix,fixed_k50_non_all_nan,1621,8.68476249228871,5.0,29.0,1.0,0.9574468085106383,0.7377049180327869,0.8333333333333334,45,2,16,1558
LLaVA-1.5-7B,VQAv2,1,prefix,fixed_k50_non_all_nan,1541,1.0,1.0,1.0,0.0,0.8857142857142857,0.7209302325581395,0.7948717948717948,31,4,12,1494
LLaVA-1.5-7B,VQAv2,2,prefix,fixed_k50_non_all_nan,1541,1.419208306294614,1.0,2.0,0.5807916937053861,0.9393939393939394,0.7209302325581395,0.8157894736842105,31,2,12,1496
LLaVA-1.5-7B,VQAv2,4,prefix,fixed_k50_non_all_nan,1541,1.672939649578196,1.0,4.0,0.9130434782608696,0.8378378378378378,0.7209302325581395,0.7749999999999999,31,6,12,1492
LLaVA-1.5-7B,VQAv2,8,prefix,fixed_k50_non_all_nan,1541,1.8150551589876704,1.0,5.0,0.9740428293316028,0.8823529411764706,0.6976744186046512,0.7792207792207793,30,4,13,1494
LLaVA-1.5-7B,VQAv2,12,prefix,fixed_k50_non_all_nan,1541,1.91109669046074,1.0,5.0,0.9766385463984426,0.9393939393939394,0.7209302325581395,0.8157894736842105,31,2,12,1496
LLaVA-1.5-7B,VQAv2,16,prefix,fixed_k50_non_all_nan,1541,2.00194678780013,1.0,5.0,0.9779364049318624,0.9393939393939394,0.7209302325581395,0.8157894736842105,31,2,12,1496
LLaVA-1.5-7B,VQAv2,24,prefix,fixed_k50_non_all_nan,1541,2.1752109020116808,1.0,5.0,0.9785853341985724,0.9393939393939394,0.7209302325581395,0.8157894736842105,31,2,12,1496
LLaVA-1.5-7B,VQAv2,32,prefix,fixed_k50_non_all_nan,1541,2.346528228423102,1.0,5.0,0.9785853341985724,0.9393939393939394,0.7209302325581395,0.8157894736842105,31,2,12,1496
LLaVA-1.5-7B,VQAv2,50,prefix,fixed_k50_non_all_nan,1541,2.710577547047372,1.0,5.0,1.0,0.9393939393939394,0.7209302325581395,0.8157894736842105,31,2,12,1496
